date,weight,calories,protein,steps,trained,waist
2026-09-17,101.3,2300,204,10243,True,90.0
2026-09-18,101.0,2300,192,10916,True,
2026-09-19,101.0,2300,225,8257,False,
2026-09-20,100.6,2300,198,10311,True,
2026-09-21,100.5,2300,208,8244,True,
2026-09-22,100.3,2300,216,10535,False,
2026-09-23,100.0,2300,199,8843,True,
2026-09-24,99.9,2300,224,10033,True,89.0
2026-09-25,99.5,2300,197,10786,False,
2026-09-26,99.3,2300,226,10177,True,
2026-09-27,98.9,2300,209,9751,True,
2026-09-28,98.6,2300,225,11183,False,
2026-09-29,98.4,2300,201,9286,True,
2026-09-30,98.6,2300,196,9907,True,
2026-10-01,98.2,2300,227,10398,True,88.2
2026-10-02,97.9,2300,226,11782,True,
2026-10-03,97.9,2300,230,9856,False,
2026-10-04,98.2,2300,202,9481,True,
2026-10-05,98.1,2300,213,9227,False,
2026-10-06,98.0,2300,196,9017,True,
